{"type": "block", "layer": 7, "block": 0, "features": [{"geom": {"polygons": [[[[68.88241755164509, 71.06216931974299], [77.41685323580971, 50.45493555656094], [78.22840261146119, 49.02781418181891], [79.56235550957985, 47.822121543125206], [79.32091795159468, 46.48062185005615], [78.86372813936198, 45.51689891980731], [77.42297666817227, 43.965979296665346], [75.68862711198882, 43.01616925428025], [73.88502816840958, 42.437917425092195], [72.30581353764137, 41.63475300756288], [72.96301727532611, 40.13514234092092], [72.05458558643497, 39.39882535392327], [70.99716246986415, 38.441660023841], [70.45416438252622, 36.65386909842467], [69.16990493881914, 35.699184833484516], [68.05036299627648, 36.0868349484523], [67.69732316032967, 37.95392880052934], [67.0507189243723, 40.4221346209183], [64.13328985660594, 40.75528286225802], [63.25174632488723, 42.47984330871863], [63.11801656206506, 43.97375176447899], [64.78808892934012, 45.744574958191485], [63.445829701520516, 46.50547180292805], [63.38967965311804, 48.07269093079178], [63.92616561107501, 49.26263614067076], [68.73665624937553, 50.99916224667914], [66.64366680159372, 58.10882189666556], [66.89791523798866, 60.93798500459705], [64.3729272487416, 69.69778581283843], [68.88241755164509, 71.06216931974299]]]], "centroids": [[70.40977724339027, 51.86469670764075, 5.471202294989384]], "h": 2.9220725112785124}, "mtl": {"face": 0, "edge": 1}}]}