{"type": "block", "layer": 7, "block": 0, "features": [{"geom": {"polygons": [[[[-38.14262565557809, 90.42727493933663], [-27.901302834580544, 65.6985944235182], [-26.92744358379877, 63.986048773827775], [-25.32670010605631, 62.53921760739533], [-25.616425175638547, 60.92941797571246], [-26.16505295031778, 59.77295045941385], [-27.893954715745473, 57.911846911643494], [-29.97517418316559, 56.77207486078138], [-32.139492915460664, 56.078172665755666], [-34.03455047238252, 55.11437536472053], [-33.24590598716083, 53.31484256475019], [-34.33602401383025, 52.431262180353], [-35.604931753715185, 51.282663784254275], [-36.25652945852074, 49.137314673754645], [-37.79764079096923, 47.9916935558265], [-39.14109112202039, 48.45687369378784], [-39.56473892515656, 50.69738631628028], [-40.340664008305424, 53.65923330074703], [-43.84157888962504, 54.0590111903547], [-44.89943112768753, 56.12848372610743], [-45.059906843074096, 57.92117387301982], [-43.055820002344014, 60.04616170547486], [-44.666531075727576, 60.95923791915869], [-44.73391113381056, 62.839900872595166], [-44.09012798426216, 64.26783512444999], [-38.31753921830153, 66.35166645166005], [-40.82912655563966, 74.8832580316437], [-40.52402843196574, 78.27825376116154], [-43.55401401906227, 88.79001473105116], [-38.14262565557809, 90.42727493933663]]]], "centroids": [[-36.30979402548385, 67.39030780481399, 6.565442753987262]], "h": 3.5064870135342154}, "mtl": {"face": 0, "edge": 1}}]}